{
  "hash": "305f97971cd53f12becd277c54ef455b",
  "result": {
    "markdown": "---\ntitle: \"Jumbo Phages\"\ndate: 2022-09-12\nformat: html\nexecute:\n  freeze: auto\n---\n\n\nhjshadhahdsa\n\n\n::: {.cell}\n::: {.cell-output-display}\n```{=html}\n<div class=\"plotly html-widget html-fill-item\" id=\"htmlwidget-41cf7227c28b84ae2c5b\" style=\"width:100%;height:464px;\"></div>\n<script type=\"application/json\" data-for=\"htmlwidget-41cf7227c28b84ae2c5b\">{\"x\":{\"data\":[{\"orientation\":\"v\",\"width\":[62,348,234,542,632,166,125,115,64,75,77,172,57,75,52,149,96,571,326,232,2347,288,939,72,1158,158,566,127,647,3043,126,136,70,77,204,75,57,1402,466,115,185,61,94,85,1258,113,196,88,878,105,927,481,108,484,2922,1055,180,183],\"base\":[4.5499999999999998,39.549999999999997,36.549999999999997,43.549999999999997,46.549999999999997,28.550000000000001,22.550000000000001,20.550000000000001,5.5499999999999998,8.5500000000000007,11.550000000000001,29.550000000000001,1.55,9.5500000000000007,0.55000000000000004,26.550000000000001,16.550000000000001,45.549999999999997,38.549999999999997,35.549999999999997,55.549999999999997,37.549999999999997,50.549999999999997,7.5499999999999998,52.549999999999997,27.550000000000001,44.549999999999997,24.550000000000001,47.549999999999997,57.549999999999997,23.550000000000001,25.550000000000001,6.5499999999999998,12.550000000000001,34.549999999999997,10.550000000000001,2.5499999999999998,54.549999999999997,40.549999999999997,21.550000000000001,32.549999999999997,3.5499999999999998,15.550000000000001,13.550000000000001,53.549999999999997,19.550000000000001,33.549999999999997,14.550000000000001,48.549999999999997,17.550000000000001,49.549999999999997,41.549999999999997,18.550000000000001,42.549999999999997,56.549999999999997,51.549999999999997,30.550000000000001,31.550000000000001],\"x\":[31,174,117,271,316,83,62.5,57.5,32,37.5,38.5,86,28.5,37.5,26,74.5,48,285.5,163,116,1173.5,144,469.5,36,579,79,283,63.5,323.5,1521.5,63,68,35,38.5,102,37.5,28.5,701,233,57.5,92.5,30.5,47,42.5,629,56.5,98,44,439,52.5,463.5,240.5,54,242,1461,527.5,90,91.5],\"y\":[0.90000000000000036,0.90000000000000568,0.90000000000000568,0.90000000000000568,0.90000000000000568,0.89999999999999858,0.89999999999999858,0.89999999999999858,0.90000000000000036,0.89999999999999858,0.89999999999999858,0.89999999999999858,0.90000000000000013,0.89999999999999858,0.89999999999999991,0.89999999999999858,0.89999999999999858,0.90000000000000568,0.90000000000000568,0.90000000000000568,0.90000000000000568,0.90000000000000568,0.90000000000000568,0.89999999999999947,0.90000000000000568,0.89999999999999858,0.90000000000000568,0.89999999999999858,0.90000000000000568,0.90000000000000568,0.89999999999999858,0.89999999999999858,0.90000000000000036,0.89999999999999858,0.90000000000000568,0.89999999999999858,0.90000000000000036,0.90000000000000568,0.90000000000000568,0.89999999999999858,0.90000000000000568,0.90000000000000036,0.89999999999999858,0.89999999999999858,0.90000000000000568,0.89999999999999858,0.90000000000000568,0.89999999999999858,0.90000000000000568,0.89999999999999858,0.90000000000000568,0.90000000000000568,0.89999999999999858,0.90000000000000568,0.90000000000000568,0.90000000000000568,0.89999999999999858,0.90000000000000213],\"text\":[\"n:   62<br />fct_reorder(host, n): Achromobacter\",\"n:  348<br />fct_reorder(host, n): Acinetobacter\",\"n:  234<br />fct_reorder(host, n): Aeromonas\",\"n:  542<br />fct_reorder(host, n): Arthrobacter\",\"n:  632<br />fct_reorder(host, n): Bacillus\",\"n:  166<br />fct_reorder(host, n): Bacteroides\",\"n:  125<br />fct_reorder(host, n): Burkholderia\",\"n:  115<br />fct_reorder(host, n): Campylobacter\",\"n:   64<br />fct_reorder(host, n): Caulobacter\",\"n:   75<br />fct_reorder(host, n): Cellulophaga\",\"n:   77<br />fct_reorder(host, n): Citrobacter\",\"n:  172<br />fct_reorder(host, n): Clostridium\",\"n:   57<br />fct_reorder(host, n): Corynebacterium\",\"n:   75<br />fct_reorder(host, n): Cronobacter\",\"n:   52<br />fct_reorder(host, n): Dickeya\",\"n:  149<br />fct_reorder(host, n): Dipodfec\",\"n:   96<br />fct_reorder(host, n): Enterobacter\",\"n:  571<br />fct_reorder(host, n): Enterobacteria\",\"n:  326<br />fct_reorder(host, n): Enterococcus\",\"n:  232<br />fct_reorder(host, n): Erwinia\",\"n: 2347<br />fct_reorder(host, n): Escherichia\",\"n:  288<br />fct_reorder(host, n): Flavobacterium\",\"n:  939<br />fct_reorder(host, n): Gordonia\",\"n:   72<br />fct_reorder(host, n): Halorubrum\",\"n: 1158<br />fct_reorder(host, n): Klebsiella\",\"n:  158<br />fct_reorder(host, n): Lactobacillus\",\"n:  566<br />fct_reorder(host, n): Lactococcus\",\"n:  127<br />fct_reorder(host, n): Listeria\",\"n:  647<br />fct_reorder(host, n): Microbacterium\",\"n: 3043<br />fct_reorder(host, n): Mycobacterium\",\"n:  126<br />fct_reorder(host, n): Paenibacillus\",\"n:  136<br />fct_reorder(host, n): Pectobacterium\",\"n:   70<br />fct_reorder(host, n): Pelagibacter\",\"n:   77<br />fct_reorder(host, n): Prochlorococcus\",\"n:  204<br />fct_reorder(host, n): Propionibacterium\",\"n:   75<br />fct_reorder(host, n): Proteus\",\"n:   57<br />fct_reorder(host, n): Pseudoalteromonas\",\"n: 1402<br />fct_reorder(host, n): Pseudomonas\",\"n:  466<br />fct_reorder(host, n): Ralstonia\",\"n:  115<br />fct_reorder(host, n): Rheinheimera\",\"n:  185<br />fct_reorder(host, n): Rhizobium\",\"n:   61<br />fct_reorder(host, n): Rhodobacter\",\"n:   94<br />fct_reorder(host, n): Rhodococcus\",\"n:   85<br />fct_reorder(host, n): Salinibacter\",\"n: 1258<br />fct_reorder(host, n): Salmonella\",\"n:  113<br />fct_reorder(host, n): Serratia\",\"n:  196<br />fct_reorder(host, n): Shigella\",\"n:   88<br />fct_reorder(host, n): Sigmofec\",\"n:  878<br />fct_reorder(host, n): Staphylococcus\",\"n:  105<br />fct_reorder(host, n): Stenotrophomonas\",\"n:  927<br />fct_reorder(host, n): Streptococcus\",\"n:  481<br />fct_reorder(host, n): Streptomyces\",\"n:  108<br />fct_reorder(host, n): Sulfolobus\",\"n:  484<br />fct_reorder(host, n): Synechococcus\",\"n: 2922<br />fct_reorder(host, n): Unspecified\",\"n: 1055<br />fct_reorder(host, n): Vibrio\",\"n:  180<br />fct_reorder(host, n): Xanthomonas\",\"n:  183<br />fct_reorder(host, n): Yersinia\"],\"type\":\"bar\",\"textposition\":\"none\",\"marker\":{\"autocolorscale\":false,\"color\":\"rgba(89,89,89,1)\",\"line\":{\"width\":1.8897637795275593,\"color\":\"transparent\"}},\"showlegend\":false,\"xaxis\":\"x\",\"yaxis\":\"y\",\"hoverinfo\":\"text\",\"frame\":null}],\"layout\":{\"margin\":{\"t\":26.228310502283108,\"r\":7.3059360730593621,\"b\":26.633457866334588,\"l\":135.29265255292657},\"paper_bgcolor\":\"rgba(255,255,255,1)\",\"font\":{\"color\":\"rgba(0,0,0,1)\",\"family\":\"Cabin Sketch\",\"size\":15.940224159402241},\"xaxis\":{\"domain\":[0,1],\"automargin\":true,\"type\":\"linear\",\"autorange\":false,\"range\":[0,3500],\"tickmode\":\"array\",\"ticktext\":[\"0\",\"500\",\"1000\",\"1500\",\"2000\",\"2500\",\"3000\",\"3500\"],\"tickvals\":[0,500,1000,1500,2000,2500,3000,3500],\"categoryorder\":\"array\",\"categoryarray\":[\"0\",\"500\",\"1000\",\"1500\",\"2000\",\"2500\",\"3000\",\"3500\"],\"nticks\":null,\"ticks\":\"outside\",\"tickcolor\":\"rgba(51,51,51,1)\",\"ticklen\":3.6529680365296811,\"tickwidth\":0.66417600664176002,\"showticklabels\":true,\"tickfont\":{\"color\":\"rgba(77,77,77,1)\",\"family\":\"Cabin Sketch\",\"size\":12.7521793275218},\"tickangle\":-0,\"showline\":false,\"linecolor\":null,\"linewidth\":0,\"showgrid\":true,\"gridcolor\":\"rgba(255,255,255,1)\",\"gridwidth\":0.66417600664176002,\"zeroline\":false,\"anchor\":\"y\",\"title\":{\"text\":\"\",\"font\":{\"color\":\"rgba(0,0,0,1)\",\"family\":\"Cabin Sketch\",\"size\":15.940224159402241}},\"hoverformat\":\".2f\"},\"yaxis\":{\"domain\":[0,1],\"automargin\":true,\"type\":\"linear\",\"autorange\":false,\"range\":[0.40000000000000002,58.600000000000001],\"tickmode\":\"array\",\"ticktext\":[\"Dickeya\",\"Corynebacterium\",\"Pseudoalteromonas\",